BEGIN
    FOR cur_rec IN (SELECT table_name FROM user_tables) LOOP
        EXECUTE IMMEDIATE 'DELETE FROM ' || cur_rec.table_name;
    END LOOP;
END;
/

commit;

insert into degree_type values (1, 'Bachelors', 'Description for Bachelors', 'Y', 'UMS',to_date('20-MAR-24','DD-MON-RR'),'UMS',to_date('20-MAR-24','DD-MON-RR'));
insert into degree_type values (2, 'Master', 'Description for Masters', 'Y', 'UMS',to_date('20-MAR-24','DD-MON-RR'),'UMS',to_date('20-MAR-24','DD-MON-RR'));
insert into degree_type values (3, 'PhD', 'Doctor of philosophy', 'Y', 'UMS',to_date('20-MAR-24','DD-MON-RR'),'UMS',to_date('20-MAR-24','DD-MON-RR'));

Insert into UMS.ADMINISTRATOR (ID,UNIVERSITY_ADMINISTRATOR_NUMBER,FIRST_NAME,LAST_NAME,EMAIL,PHONE_NUMBER,DOB,PASSPORT_NUMBER,EMPLOYMENT_TYPE_ID,EMPLOYMENT_DESIGNATION_ID,EMPLOYMENT_STATUS_ID,COMMENTS,CREATED_BY,CREATED_ON,UPDATED_BY,UPDATED_ON) values (1,1001,'John','Doe','john.doe@example.com','+1234567890',to_date('15-MAY-80','DD-MON-RR'),'AB1234567',1,6,2,'Comment for Administrator 1',null,null,null,null);
Insert into UMS.ADMINISTRATOR (ID,UNIVERSITY_ADMINISTRATOR_NUMBER,FIRST_NAME,LAST_NAME,EMAIL,PHONE_NUMBER,DOB,PASSPORT_NUMBER,EMPLOYMENT_TYPE_ID,EMPLOYMENT_DESIGNATION_ID,EMPLOYMENT_STATUS_ID,COMMENTS,CREATED_BY,CREATED_ON,UPDATED_BY,UPDATED_ON) values (2,1002,'Jane','Smith','jane.smith@example.com','+1987654321',to_date('20-SEP-75','DD-MON-RR'),'CD2345678',1,6,2,'Comment for Administrator 2',null,null,null,null);
Insert into UMS.ADMINISTRATOR (ID,UNIVERSITY_ADMINISTRATOR_NUMBER,FIRST_NAME,LAST_NAME,EMAIL,PHONE_NUMBER,DOB,PASSPORT_NUMBER,EMPLOYMENT_TYPE_ID,EMPLOYMENT_DESIGNATION_ID,EMPLOYMENT_STATUS_ID,COMMENTS,CREATED_BY,CREATED_ON,UPDATED_BY,UPDATED_ON) values (3,1003,'Michael','Johnson','michael.johnson@example.com','+1122334455',to_date('30-NOV-82','DD-MON-RR'),'EF3456789',1,6,3,'Comment for Administrator 3',null,null,null,null);
Insert into UMS.ADMINISTRATOR (ID,UNIVERSITY_ADMINISTRATOR_NUMBER,FIRST_NAME,LAST_NAME,EMAIL,PHONE_NUMBER,DOB,PASSPORT_NUMBER,EMPLOYMENT_TYPE_ID,EMPLOYMENT_DESIGNATION_ID,EMPLOYMENT_STATUS_ID,COMMENTS,CREATED_BY,CREATED_ON,UPDATED_BY,UPDATED_ON) values (4,1004,'Emily','Brown','emily.brown@example.com','+1555666777',to_date('10-AUG-78','DD-MON-RR'),'GH4567890',1,6,3,'Comment for Administrator 4',null,null,null,null);
Insert into UMS.ADMINISTRATOR (ID,UNIVERSITY_ADMINISTRATOR_NUMBER,FIRST_NAME,LAST_NAME,EMAIL,PHONE_NUMBER,DOB,PASSPORT_NUMBER,EMPLOYMENT_TYPE_ID,EMPLOYMENT_DESIGNATION_ID,EMPLOYMENT_STATUS_ID,COMMENTS,CREATED_BY,CREATED_ON,UPDATED_BY,UPDATED_ON) values (5,1003,'Christopher','Wilson','christopher.wilson@example.com','+1444333222',to_date('25-MAR-85','DD-MON-RR'),'IJ5678901',1,6,2,'Comment for Administrator 5',null,null,null,null);


Insert into UMS.BUILDING (ID,NAME,DESCRIPTION,COMMENTS,CREATED_BY,CREATED_ON,UPDATED_BY,UPDATED_ON) values (1,'Snell Library','360 Huntington Ave',null,'UMS',to_date('20-MAR-24','DD-MON-RR'),'UMS',to_date('20-MAR-24','DD-MON-RR'));
Insert into UMS.BUILDING (ID,NAME,DESCRIPTION,COMMENTS,CREATED_BY,CREATED_ON,UPDATED_BY,UPDATED_ON) values (2,'Cullinane Hall','288 St Botolph St',null,'UMS',to_date('20-MAR-24','DD-MON-RR'),'UMS',to_date('20-MAR-24','DD-MON-RR'));
Insert into UMS.BUILDING (ID,NAME,DESCRIPTION,COMMENTS,CREATED_BY,CREATED_ON,UPDATED_BY,UPDATED_ON) values (3,'Ell hall','346 Huntington Ave',null,'UMS',to_date('20-MAR-24','DD-MON-RR'),'UMS',to_date('20-MAR-24','DD-MON-RR'));
Insert into UMS.BUILDING (ID,NAME,DESCRIPTION,COMMENTS,CREATED_BY,CREATED_ON,UPDATED_BY,UPDATED_ON) values (4,'Dodge Hall','324 Huntington Ave',null,'UMS',to_date('20-MAR-24','DD-MON-RR'),'UMS',to_date('20-MAR-24','DD-MON-RR'));
Insert into UMS.BUILDING (ID,NAME,DESCRIPTION,COMMENTS,CREATED_BY,CREATED_ON,UPDATED_BY,UPDATED_ON) values (5,'Behrakis Health Sciences','Behrakis Health Sciences',null,'UMS',to_date('20-MAR-24','DD-MON-RR'),'UMS',to_date('20-MAR-24','DD-MON-RR'));

Insert into UMS.COLLEGE (ID,NAME,DESCRIPTION,IS_ENABLED,CREATED_BY,CREATED_ON,UPDATED_BY,UPDATED_ON) values (1,'College of Engineering','Leading institution for engineering.','Y','Admin',to_date('19-MAR-24','DD-MON-RR'),'UMS',to_date('20-MAR-24','DD-MON-RR'));
Insert into UMS.COLLEGE (ID,NAME,DESCRIPTION,IS_ENABLED,CREATED_BY,CREATED_ON,UPDATED_BY,UPDATED_ON) values (2,'DAmore McKim School of Business','Fostering future business leaders.','Y','Admin',to_date('19-MAR-24','DD-MON-RR'),'UMS',to_date('20-MAR-24','DD-MON-RR'));
Insert into UMS.COLLEGE (ID,NAME,DESCRIPTION,IS_ENABLED,CREATED_BY,CREATED_ON,UPDATED_BY,UPDATED_ON) values (3,'Bouve College of Health Sciences','Pioneering advancements in healthcare.','Y','Admin',to_date('19-MAR-24','DD-MON-RR'),'UMS',to_date('20-MAR-24','DD-MON-RR'));
Insert into UMS.COLLEGE (ID,NAME,DESCRIPTION,IS_ENABLED,CREATED_BY,CREATED_ON,UPDATED_BY,UPDATED_ON) values (4,'College of Arts and Sciences','Providing a diverse and ','Y','Admin',to_date('19-MAR-24','DD-MON-RR'),'UMS',to_date('20-MAR-24','DD-MON-RR'));
Insert into UMS.COLLEGE (ID,NAME,DESCRIPTION,IS_ENABLED,CREATED_BY,CREATED_ON,UPDATED_BY,UPDATED_ON) values (5,'College of Social Sciences and Humanities','Cultivating critical thinking','Y','Admin',to_date('19-MAR-24','DD-MON-RR'),'UMS',to_date('20-MAR-24','DD-MON-RR'));


Insert into UMS.COURSE (ID,COURSE_CATALOG_ID,CRN,TERM_ID,SEATING_CAPACITY,PROFESSOR_ID,CREATED_BY,CREATED_ON,UPDATED_BY,UPDATED_ON) values (70,14,1405,5,65,null,'UMS',to_date('20-MAR-24','DD-MON-RR'),'UMS',to_date('21-MAR-24','DD-MON-RR'));
Insert into UMS.COURSE (ID,COURSE_CATALOG_ID,CRN,TERM_ID,SEATING_CAPACITY,PROFESSOR_ID,CREATED_BY,CREATED_ON,UPDATED_BY,UPDATED_ON) values (71,1,1116,5,60,1,'UMS',to_date('20-MAR-24','DD-MON-RR'),'UMS',to_date('21-MAR-24','DD-MON-RR'));
Insert into UMS.COURSE (ID,COURSE_CATALOG_ID,CRN,TERM_ID,SEATING_CAPACITY,PROFESSOR_ID,CREATED_BY,CREATED_ON,UPDATED_BY,UPDATED_ON) values (72,2,1217,5,60,1,'UMS',to_date('20-MAR-24','DD-MON-RR'),'UMS',to_date('21-MAR-24','DD-MON-RR'));
Insert into UMS.COURSE (ID,COURSE_CATALOG_ID,CRN,TERM_ID,SEATING_CAPACITY,PROFESSOR_ID,CREATED_BY,CREATED_ON,UPDATED_BY,UPDATED_ON) values (73,4,1416,2,60,2,'UMS',to_date('20-MAR-24','DD-MON-RR'),'UMS',to_date('21-MAR-24','DD-MON-RR'));
Insert into UMS.COURSE (ID,COURSE_CATALOG_ID,CRN,TERM_ID,SEATING_CAPACITY,PROFESSOR_ID,CREATED_BY,CREATED_ON,UPDATED_BY,UPDATED_ON) values (74,5,1516,3,60,2,'UMS',to_date('20-MAR-24','DD-MON-RR'),'UMS',to_date('21-MAR-24','DD-MON-RR'));
Insert into UMS.COURSE (ID,COURSE_CATALOG_ID,CRN,TERM_ID,SEATING_CAPACITY,PROFESSOR_ID,CREATED_BY,CREATED_ON,UPDATED_BY,UPDATED_ON) values (75,7,1716,2,60,3,'UMS',to_date('20-MAR-24','DD-MON-RR'),'UMS',to_date('21-MAR-24','DD-MON-RR'));
Insert into UMS.COURSE (ID,COURSE_CATALOG_ID,CRN,TERM_ID,SEATING_CAPACITY,PROFESSOR_ID,CREATED_BY,CREATED_ON,UPDATED_BY,UPDATED_ON) values (76,8,1816,2,60,4,'UMS',to_date('20-MAR-24','DD-MON-RR'),'UMS',to_date('21-MAR-24','DD-MON-RR'));
Insert into UMS.COURSE (ID,COURSE_CATALOG_ID,CRN,TERM_ID,SEATING_CAPACITY,PROFESSOR_ID,CREATED_BY,CREATED_ON,UPDATED_BY,UPDATED_ON) values (77,10,10016,5,60,9,'UMS',to_date('20-MAR-24','DD-MON-RR'),'UMS',to_date('21-MAR-24','DD-MON-RR'));
Insert into UMS.COURSE (ID,COURSE_CATALOG_ID,CRN,TERM_ID,SEATING_CAPACITY,PROFESSOR_ID,CREATED_BY,CREATED_ON,UPDATED_BY,UPDATED_ON) values (78,11,11016,5,60,10,'UMS',to_date('20-MAR-24','DD-MON-RR'),'UMS',to_date('21-MAR-24','DD-MON-RR'));


Insert into UMS.COURSE_ASSESSMENT (ID,COURSE_ID,NAME,WEIGHTAGE,TOTAL_MARKS,COMMENTS,CREATED_BY,CREATED_ON,UPDATED_BY,UPDATED_ON) values (1,72,'MIDTERM',0.25,100,null,'UMS',to_date('20-MAR-24','DD-MON-RR'),null,null);
Insert into UMS.COURSE_ASSESSMENT (ID,COURSE_ID,NAME,WEIGHTAGE,TOTAL_MARKS,COMMENTS,CREATED_BY,CREATED_ON,UPDATED_BY,UPDATED_ON) values (2,73,'MIDTERM',0.25,100,null,'UMS',to_date('20-MAR-24','DD-MON-RR'),null,null);
Insert into UMS.COURSE_ASSESSMENT (ID,COURSE_ID,NAME,WEIGHTAGE,TOTAL_MARKS,COMMENTS,CREATED_BY,CREATED_ON,UPDATED_BY,UPDATED_ON) values (3,74,'MIDTERM',0.25,100,null,'UMS',to_date('20-MAR-24','DD-MON-RR'),null,null);
Insert into UMS.COURSE_ASSESSMENT (ID,COURSE_ID,NAME,WEIGHTAGE,TOTAL_MARKS,COMMENTS,CREATED_BY,CREATED_ON,UPDATED_BY,UPDATED_ON) values (4,75,'MIDTERM',0.25,100,null,'UMS',to_date('20-MAR-24','DD-MON-RR'),null,null);
Insert into UMS.COURSE_ASSESSMENT (ID,COURSE_ID,NAME,WEIGHTAGE,TOTAL_MARKS,COMMENTS,CREATED_BY,CREATED_ON,UPDATED_BY,UPDATED_ON) values (5,76,'MIDTERM',0.25,100,null,'UMS',to_date('20-MAR-24','DD-MON-RR'),null,null);
Insert into UMS.COURSE_ASSESSMENT (ID,COURSE_ID,NAME,WEIGHTAGE,TOTAL_MARKS,COMMENTS,CREATED_BY,CREATED_ON,UPDATED_BY,UPDATED_ON) values (6,77,'MIDTERM',0.25,100,null,'UMS',to_date('20-MAR-24','DD-MON-RR'),null,null);
Insert into UMS.COURSE_ASSESSMENT (ID,COURSE_ID,NAME,WEIGHTAGE,TOTAL_MARKS,COMMENTS,CREATED_BY,CREATED_ON,UPDATED_BY,UPDATED_ON) values (7,78,'MIDTERM',0.25,100,null,'UMS',to_date('20-MAR-24','DD-MON-RR'),null,null);
Insert into UMS.COURSE_ASSESSMENT (ID,COURSE_ID,NAME,WEIGHTAGE,TOTAL_MARKS,COMMENTS,CREATED_BY,CREATED_ON,UPDATED_BY,UPDATED_ON) values (8,72,'FINAL',0.75,100,null,'UMS',to_date('20-MAR-24','DD-MON-RR'),null,null);
Insert into UMS.COURSE_ASSESSMENT (ID,COURSE_ID,NAME,WEIGHTAGE,TOTAL_MARKS,COMMENTS,CREATED_BY,CREATED_ON,UPDATED_BY,UPDATED_ON) values (9,73,'FINAL',0.75,100,null,'UMS',to_date('20-MAR-24','DD-MON-RR'),null,null);
Insert into UMS.COURSE_ASSESSMENT (ID,COURSE_ID,NAME,WEIGHTAGE,TOTAL_MARKS,COMMENTS,CREATED_BY,CREATED_ON,UPDATED_BY,UPDATED_ON) values (10,74,'FINAL',0.75,100,null,'UMS',to_date('20-MAR-24','DD-MON-RR'),null,null);
Insert into UMS.COURSE_ASSESSMENT (ID,COURSE_ID,NAME,WEIGHTAGE,TOTAL_MARKS,COMMENTS,CREATED_BY,CREATED_ON,UPDATED_BY,UPDATED_ON) values (11,75,'FINAL',0.75,100,null,'UMS',to_date('20-MAR-24','DD-MON-RR'),null,null);
Insert into UMS.COURSE_ASSESSMENT (ID,COURSE_ID,NAME,WEIGHTAGE,TOTAL_MARKS,COMMENTS,CREATED_BY,CREATED_ON,UPDATED_BY,UPDATED_ON) values (12,76,'FINAL',0.75,100,null,'UMS',to_date('20-MAR-24','DD-MON-RR'),null,null);
Insert into UMS.COURSE_ASSESSMENT (ID,COURSE_ID,NAME,WEIGHTAGE,TOTAL_MARKS,COMMENTS,CREATED_BY,CREATED_ON,UPDATED_BY,UPDATED_ON) values (13,77,'FINAL',0.75,100,null,'UMS',to_date('20-MAR-24','DD-MON-RR'),null,null);
Insert into UMS.COURSE_ASSESSMENT (ID,COURSE_ID,NAME,WEIGHTAGE,TOTAL_MARKS,COMMENTS,CREATED_BY,CREATED_ON,UPDATED_BY,UPDATED_ON) values (14,78,'FINAL',0.75,100,null,'UMS',to_date('20-MAR-24','DD-MON-RR'),null,null);


Insert into UMS.COURSE_CATALOG (ID,COURSE_CODE,COURSE_NAME,DESCRIPTION,CREDITS,PROGRAM_CATALOG_ID,COMMENTS,IS_ENABLED,CREATED_BY,CREATED_ON,UPDATED_BY,UPDATED_ON) values (1,'CSYE3200','OBJECT ORIENTED DESIGN','Principles and practices for organizing and designing software systems using objects and classes.',4,1,'Y','Y','UMS',to_date('20-MAR-24','DD-MON-RR'),null,null);
Insert into UMS.COURSE_CATALOG (ID,COURSE_CODE,COURSE_NAME,DESCRIPTION,CREDITS,PROGRAM_CATALOG_ID,COMMENTS,IS_ENABLED,CREATED_BY,CREATED_ON,UPDATED_BY,UPDATED_ON) values (2,'CSYE3205','DATABASE MANAGEMENT','Techniques and tools for efficiently storing, retrieving, and managing data in databases.',4,1,'Y','Y','UMS',to_date('20-MAR-24','DD-MON-RR'),null,null);
Insert into UMS.COURSE_CATALOG (ID,COURSE_CODE,COURSE_NAME,DESCRIPTION,CREDITS,PROGRAM_CATALOG_ID,COMMENTS,IS_ENABLED,CREATED_BY,CREATED_ON,UPDATED_BY,UPDATED_ON) values (4,'MECH6100','HEAT TRANSFER','Understanding the principles and mechanisms of heat transfer in various materials and systems.',4,2,'Y','Y','UMS',to_date('20-MAR-24','DD-MON-RR'),null,null);
Insert into UMS.COURSE_CATALOG (ID,COURSE_CODE,COURSE_NAME,DESCRIPTION,CREDITS,PROGRAM_CATALOG_ID,COMMENTS,IS_ENABLED,CREATED_BY,CREATED_ON,UPDATED_BY,UPDATED_ON) values (6,'MECH6205','THERMODYNAMICS','Study of the relationship between heat, energy, and work in physical systems.',4,2,'Y','Y','UMS',to_date('20-MAR-24','DD-MON-RR'),null,null);
Insert into UMS.COURSE_CATALOG (ID,COURSE_CODE,COURSE_NAME,DESCRIPTION,CREDITS,PROGRAM_CATALOG_ID,COMMENTS,IS_ENABLED,CREATED_BY,CREATED_ON,UPDATED_BY,UPDATED_ON) values (7,'BUSM6100','FINANCIAL MANAGMENT','Strategies and techniques for managing finances effectively within organizations.',3,3,'Y','Y','UMS',to_date('20-MAR-24','DD-MON-RR'),null,null);
Insert into UMS.COURSE_CATALOG (ID,COURSE_CODE,COURSE_NAME,DESCRIPTION,CREDITS,PROGRAM_CATALOG_ID,COMMENTS,IS_ENABLED,CREATED_BY,CREATED_ON,UPDATED_BY,UPDATED_ON) values (8,'BUSM7100','PORTFOLIO MANAGEMENT','Methods for constructing and managing investment portfolios to achieve financial goals.',3,3,'Y','Y','UMS',to_date('20-MAR-24','DD-MON-RR'),null,null);
Insert into UMS.COURSE_CATALOG (ID,COURSE_CODE,COURSE_NAME,DESCRIPTION,CREDITS,PROGRAM_CATALOG_ID,COMMENTS,IS_ENABLED,CREATED_BY,CREATED_ON,UPDATED_BY,UPDATED_ON) values (9,'BUSM8200','CAPITAL BUDGETING','Evaluating and selecting long-term investment projects based on their potential returns and risks.',3,3,'Y','Y','UMS',to_date('20-MAR-24','DD-MON-RR'),null,null);
Insert into UMS.COURSE_CATALOG (ID,COURSE_CODE,COURSE_NAME,DESCRIPTION,CREDITS,PROGRAM_CATALOG_ID,COMMENTS,IS_ENABLED,CREATED_BY,CREATED_ON,UPDATED_BY,UPDATED_ON) values (12,'PSCY6300','LIFESPAN EMOTIONAL DEVELOPMENT','Understanding the development and regulation of emotions from infancy through adulthood.',4,4,'Y','Y','UMS',to_date('20-MAR-24','DD-MON-RR'),null,null);
Insert into UMS.COURSE_CATALOG (ID,COURSE_CODE,COURSE_NAME,DESCRIPTION,CREDITS,PROGRAM_CATALOG_ID,COMMENTS,IS_ENABLED,CREATED_BY,CREATED_ON,UPDATED_BY,UPDATED_ON) values (14,'CSYE6205','DATABASE DESIGN AND MANAGEMENT','Advanced concepts and methodologies for designing, implementing, and managing databases effectively.',4,1,'Y','Y','UMS',to_date('20-MAR-24','DD-MON-RR'),null,null);
Insert into UMS.COURSE_CATALOG (ID,COURSE_CODE,COURSE_NAME,DESCRIPTION,CREDITS,PROGRAM_CATALOG_ID,COMMENTS,IS_ENABLED,CREATED_BY,CREATED_ON,UPDATED_BY,UPDATED_ON) values (3,'INFO2105','UI/UX DESIGN','Creating user interfaces and experiences ',4,1,'Y','Y','UMS',to_date('20-MAR-24','DD-MON-RR'),null,null);
Insert into UMS.COURSE_CATALOG (ID,COURSE_CODE,COURSE_NAME,DESCRIPTION,CREDITS,PROGRAM_CATALOG_ID,COMMENTS,IS_ENABLED,CREATED_BY,CREATED_ON,UPDATED_BY,UPDATED_ON) values (5,'MECH5200','INTRO TO MECHANICAL ENGINEERING','Basic concepts and principles of mechanical engineering, including mechanics, materials',4,2,'Y','Y','UMS',to_date('20-MAR-24','DD-MON-RR'),null,null);
Insert into UMS.COURSE_CATALOG (ID,COURSE_CODE,COURSE_NAME,DESCRIPTION,CREDITS,PROGRAM_CATALOG_ID,COMMENTS,IS_ENABLED,CREATED_BY,CREATED_ON,UPDATED_BY,UPDATED_ON) values (10,'PSCY6200','DEVELOPMENTAL PSYCHOLOGY','Study of human growth and development across the lifespan, including cognitive, social',4,4,'Y','Y','UMS',to_date('20-MAR-24','DD-MON-RR'),null,null);
Insert into UMS.COURSE_CATALOG (ID,COURSE_CODE,COURSE_NAME,DESCRIPTION,CREDITS,PROGRAM_CATALOG_ID,COMMENTS,IS_ENABLED,CREATED_BY,CREATED_ON,UPDATED_BY,UPDATED_ON) values (11,'PSCY6201','CLINICAL PSYCHOLOGY','Diagnosis, treatment, and prevention of mental health disorders through psychological',4,4,'Y','Y','UMS',to_date('20-MAR-24','DD-MON-RR'),null,null);
Insert into UMS.COURSE_CATALOG (ID,COURSE_CODE,COURSE_NAME,DESCRIPTION,CREDITS,PROGRAM_CATALOG_ID,COMMENTS,IS_ENABLED,CREATED_BY,CREATED_ON,UPDATED_BY,UPDATED_ON) values (13,'CSYE6200','ADVANCED OBJECT ORIENTED DESIGN','Advanced techniques and patterns for designing complex software systems',4,1,'Y','Y','UMS',to_date('20-MAR-24','DD-MON-RR'),null,null);


Insert into UMS.COURSE_SCHEDULE (ID,COURSE_ID,DAY,START_TIME,END_TIME,LOCATION_ID,CREATED_BY,CREATED_ON,UPDATED_BY,UPDATED_ON) values (1,71,'Monday',to_timestamp('01-MAR-24 09.00.00.000000000 AM','DD-MON-RR HH.MI.SSXFF AM'),to_timestamp('01-MAR-24 12.00.00.000000000 PM','DD-MON-RR HH.MI.SSXFF AM'),1,'UMS',to_date('21-MAR-24','DD-MON-RR'),null,null);
Insert into UMS.COURSE_SCHEDULE (ID,COURSE_ID,DAY,START_TIME,END_TIME,LOCATION_ID,CREATED_BY,CREATED_ON,UPDATED_BY,UPDATED_ON) values (2,72,'Tuesday',to_timestamp('01-MAR-24 10.00.00.000000000 AM','DD-MON-RR HH.MI.SSXFF AM'),to_timestamp('01-MAR-24 01.00.00.000000000 PM','DD-MON-RR HH.MI.SSXFF AM'),4,'UMS',to_date('21-MAR-24','DD-MON-RR'),null,null);
Insert into UMS.COURSE_SCHEDULE (ID,COURSE_ID,DAY,START_TIME,END_TIME,LOCATION_ID,CREATED_BY,CREATED_ON,UPDATED_BY,UPDATED_ON) values (3,73,'Wednesday',to_timestamp('01-MAR-24 11.00.00.000000000 AM','DD-MON-RR HH.MI.SSXFF AM'),to_timestamp('01-MAR-24 02.00.00.000000000 PM','DD-MON-RR HH.MI.SSXFF AM'),7,'UMS',to_date('21-MAR-24','DD-MON-RR'),null,null);
Insert into UMS.COURSE_SCHEDULE (ID,COURSE_ID,DAY,START_TIME,END_TIME,LOCATION_ID,CREATED_BY,CREATED_ON,UPDATED_BY,UPDATED_ON) values (4,74,'Thursday',to_timestamp('01-MAR-24 12.00.00.000000000 PM','DD-MON-RR HH.MI.SSXFF AM'),to_timestamp('01-MAR-24 03.00.00.000000000 PM','DD-MON-RR HH.MI.SSXFF AM'),10,'UMS',to_date('21-MAR-24','DD-MON-RR'),null,null);
Insert into UMS.COURSE_SCHEDULE (ID,COURSE_ID,DAY,START_TIME,END_TIME,LOCATION_ID,CREATED_BY,CREATED_ON,UPDATED_BY,UPDATED_ON) values (5,75,'Friday',to_timestamp('01-MAR-24 01.00.00.000000000 PM','DD-MON-RR HH.MI.SSXFF AM'),to_timestamp('01-MAR-24 04.00.00.000000000 PM','DD-MON-RR HH.MI.SSXFF AM'),1,'UMS',to_date('21-MAR-24','DD-MON-RR'),null,null);
Insert into UMS.COURSE_SCHEDULE (ID,COURSE_ID,DAY,START_TIME,END_TIME,LOCATION_ID,CREATED_BY,CREATED_ON,UPDATED_BY,UPDATED_ON) values (6,76,'Monday',to_timestamp('01-MAR-24 02.00.00.000000000 PM','DD-MON-RR HH.MI.SSXFF AM'),to_timestamp('01-MAR-24 05.00.00.000000000 PM','DD-MON-RR HH.MI.SSXFF AM'),4,'UMS',to_date('21-MAR-24','DD-MON-RR'),null,null);
Insert into UMS.COURSE_SCHEDULE (ID,COURSE_ID,DAY,START_TIME,END_TIME,LOCATION_ID,CREATED_BY,CREATED_ON,UPDATED_BY,UPDATED_ON) values (7,77,'Tuesday',to_timestamp('01-MAR-24 03.00.00.000000000 PM','DD-MON-RR HH.MI.SSXFF AM'),to_timestamp('01-MAR-24 06.00.00.000000000 PM','DD-MON-RR HH.MI.SSXFF AM'),7,'UMS',to_date('21-MAR-24','DD-MON-RR'),null,null);
Insert into UMS.COURSE_SCHEDULE (ID,COURSE_ID,DAY,START_TIME,END_TIME,LOCATION_ID,CREATED_BY,CREATED_ON,UPDATED_BY,UPDATED_ON) values (8,78,'Wednesday',to_timestamp('01-MAR-24 04.00.00.000000000 PM','DD-MON-RR HH.MI.SSXFF AM'),to_timestamp('01-MAR-24 07.00.00.000000000 PM','DD-MON-RR HH.MI.SSXFF AM'),10,'UMS',to_date('21-MAR-24','DD-MON-RR'),null,null);
