BEGIN
    FOR cur_rec IN (SELECT table_name FROM user_tables) LOOP
        EXECUTE IMMEDIATE 'DELETE FROM ' || cur_rec.table_name;
    END LOOP;
END;
/

commit;

insert into degree_type values (1, 'Bachelors', 'Description for Bachelors', 'Y', 'UMS',to_date('20-MAR-24','DD-MON-RR'),'UMS',to_date('20-MAR-24','DD-MON-RR'));
insert into degree_type values (2, 'Master', 'Description for Masters', 'Y', 'UMS',to_date('20-MAR-24','DD-MON-RR'),'UMS',to_date('20-MAR-24','DD-MON-RR'));
insert into degree_type values (3, 'PhD', 'Doctor of philosophy', 'Y', 'UMS',to_date('20-MAR-24','DD-MON-RR'),'UMS',to_date('20-MAR-24','DD-MON-RR'));

Insert into UMS.ADMINISTRATOR (ID,UNIVERSITY_ADMINISTRATOR_NUMBER,FIRST_NAME,LAST_NAME,EMAIL,PHONE_NUMBER,DOB,PASSPORT_NUMBER,EMPLOYMENT_TYPE_ID,EMPLOYMENT_DESIGNATION_ID,EMPLOYMENT_STATUS_ID,COMMENTS,CREATED_BY,CREATED_ON,UPDATED_BY,UPDATED_ON) values (1,1001,'John','Doe','john.doe@example.com','+1234567890',to_date('15-MAY-80','DD-MON-RR'),'AB1234567',1,6,2,'Comment for Administrator 1',null,null,null,null);
Insert into UMS.ADMINISTRATOR (ID,UNIVERSITY_ADMINISTRATOR_NUMBER,FIRST_NAME,LAST_NAME,EMAIL,PHONE_NUMBER,DOB,PASSPORT_NUMBER,EMPLOYMENT_TYPE_ID,EMPLOYMENT_DESIGNATION_ID,EMPLOYMENT_STATUS_ID,COMMENTS,CREATED_BY,CREATED_ON,UPDATED_BY,UPDATED_ON) values (2,1002,'Jane','Smith','jane.smith@example.com','+1987654321',to_date('20-SEP-75','DD-MON-RR'),'CD2345678',1,6,2,'Comment for Administrator 2',null,null,null,null);
Insert into UMS.ADMINISTRATOR (ID,UNIVERSITY_ADMINISTRATOR_NUMBER,FIRST_NAME,LAST_NAME,EMAIL,PHONE_NUMBER,DOB,PASSPORT_NUMBER,EMPLOYMENT_TYPE_ID,EMPLOYMENT_DESIGNATION_ID,EMPLOYMENT_STATUS_ID,COMMENTS,CREATED_BY,CREATED_ON,UPDATED_BY,UPDATED_ON) values (3,1003,'Michael','Johnson','michael.johnson@example.com','+1122334455',to_date('30-NOV-82','DD-MON-RR'),'EF3456789',1,6,3,'Comment for Administrator 3',null,null,null,null);
Insert into UMS.ADMINISTRATOR (ID,UNIVERSITY_ADMINISTRATOR_NUMBER,FIRST_NAME,LAST_NAME,EMAIL,PHONE_NUMBER,DOB,PASSPORT_NUMBER,EMPLOYMENT_TYPE_ID,EMPLOYMENT_DESIGNATION_ID,EMPLOYMENT_STATUS_ID,COMMENTS,CREATED_BY,CREATED_ON,UPDATED_BY,UPDATED_ON) values (4,1004,'Emily','Brown','emily.brown@example.com','+1555666777',to_date('10-AUG-78','DD-MON-RR'),'GH4567890',1,6,3,'Comment for Administrator 4',null,null,null,null);
Insert into UMS.ADMINISTRATOR (ID,UNIVERSITY_ADMINISTRATOR_NUMBER,FIRST_NAME,LAST_NAME,EMAIL,PHONE_NUMBER,DOB,PASSPORT_NUMBER,EMPLOYMENT_TYPE_ID,EMPLOYMENT_DESIGNATION_ID,EMPLOYMENT_STATUS_ID,COMMENTS,CREATED_BY,CREATED_ON,UPDATED_BY,UPDATED_ON) values (5,1003,'Christopher','Wilson','christopher.wilson@example.com','+1444333222',to_date('25-MAR-85','DD-MON-RR'),'IJ5678901',1,6,2,'Comment for Administrator 5',null,null,null,null);


Insert into UMS.BUILDING (ID,NAME,DESCRIPTION,COMMENTS,CREATED_BY,CREATED_ON,UPDATED_BY,UPDATED_ON) values (1,'Snell Library','360 Huntington Ave',null,'UMS',to_date('20-MAR-24','DD-MON-RR'),'UMS',to_date('20-MAR-24','DD-MON-RR'));
Insert into UMS.BUILDING (ID,NAME,DESCRIPTION,COMMENTS,CREATED_BY,CREATED_ON,UPDATED_BY,UPDATED_ON) values (2,'Cullinane Hall','288 St Botolph St',null,'UMS',to_date('20-MAR-24','DD-MON-RR'),'UMS',to_date('20-MAR-24','DD-MON-RR'));
Insert into UMS.BUILDING (ID,NAME,DESCRIPTION,COMMENTS,CREATED_BY,CREATED_ON,UPDATED_BY,UPDATED_ON) values (3,'Ell hall','346 Huntington Ave',null,'UMS',to_date('20-MAR-24','DD-MON-RR'),'UMS',to_date('20-MAR-24','DD-MON-RR'));
Insert into UMS.BUILDING (ID,NAME,DESCRIPTION,COMMENTS,CREATED_BY,CREATED_ON,UPDATED_BY,UPDATED_ON) values (4,'Dodge Hall','324 Huntington Ave',null,'UMS',to_date('20-MAR-24','DD-MON-RR'),'UMS',to_date('20-MAR-24','DD-MON-RR'));
Insert into UMS.BUILDING (ID,NAME,DESCRIPTION,COMMENTS,CREATED_BY,CREATED_ON,UPDATED_BY,UPDATED_ON) values (5,'Behrakis Health Sciences','Behrakis Health Sciences',null,'UMS',to_date('20-MAR-24','DD-MON-RR'),'UMS',to_date('20-MAR-24','DD-MON-RR'));

Insert into UMS.COLLEGE (ID,NAME,DESCRIPTION,IS_ENABLED,CREATED_BY,CREATED_ON,UPDATED_BY,UPDATED_ON) values (1,'College of Engineering','Leading institution for engineering.','Y','Admin',to_date('19-MAR-24','DD-MON-RR'),'UMS',to_date('20-MAR-24','DD-MON-RR'));
Insert into UMS.COLLEGE (ID,NAME,DESCRIPTION,IS_ENABLED,CREATED_BY,CREATED_ON,UPDATED_BY,UPDATED_ON) values (2,'DAmore McKim School of Business','Fostering future business leaders.','Y','Admin',to_date('19-MAR-24','DD-MON-RR'),'UMS',to_date('20-MAR-24','DD-MON-RR'));
Insert into UMS.COLLEGE (ID,NAME,DESCRIPTION,IS_ENABLED,CREATED_BY,CREATED_ON,UPDATED_BY,UPDATED_ON) values (3,'Bouve College of Health Sciences','Pioneering advancements in healthcare.','Y','Admin',to_date('19-MAR-24','DD-MON-RR'),'UMS',to_date('20-MAR-24','DD-MON-RR'));
Insert into UMS.COLLEGE (ID,NAME,DESCRIPTION,IS_ENABLED,CREATED_BY,CREATED_ON,UPDATED_BY,UPDATED_ON) values (4,'College of Arts and Sciences','Providing a diverse and ','Y','Admin',to_date('19-MAR-24','DD-MON-RR'),'UMS',to_date('20-MAR-24','DD-MON-RR'));
Insert into UMS.COLLEGE (ID,NAME,DESCRIPTION,IS_ENABLED,CREATED_BY,CREATED_ON,UPDATED_BY,UPDATED_ON) values (5,'College of Social Sciences and Humanities','Cultivating critical thinking','Y','Admin',to_date('19-MAR-24','DD-MON-RR'),'UMS',to_date('20-MAR-24','DD-MON-RR'));


Insert into UMS.COURSE (ID,COURSE_CATALOG_ID,CRN,TERM_ID,SEATING_CAPACITY,PROFESSOR_ID,CREATED_BY,CREATED_ON,UPDATED_BY,UPDATED_ON) values (70,14,1405,5,65,null,'UMS',to_date('20-MAR-24','DD-MON-RR'),'UMS',to_date('21-MAR-24','DD-MON-RR'));
Insert into UMS.COURSE (ID,COURSE_CATALOG_ID,CRN,TERM_ID,SEATING_CAPACITY,PROFESSOR_ID,CREATED_BY,CREATED_ON,UPDATED_BY,UPDATED_ON) values (71,1,1116,5,60,1,'UMS',to_date('20-MAR-24','DD-MON-RR'),'UMS',to_date('21-MAR-24','DD-MON-RR'));
Insert into UMS.COURSE (ID,COURSE_CATALOG_ID,CRN,TERM_ID,SEATING_CAPACITY,PROFESSOR_ID,CREATED_BY,CREATED_ON,UPDATED_BY,UPDATED_ON) values (72,2,1217,5,60,1,'UMS',to_date('20-MAR-24','DD-MON-RR'),'UMS',to_date('21-MAR-24','DD-MON-RR'));
Insert into UMS.COURSE (ID,COURSE_CATALOG_ID,CRN,TERM_ID,SEATING_CAPACITY,PROFESSOR_ID,CREATED_BY,CREATED_ON,UPDATED_BY,UPDATED_ON) values (73,4,1416,2,60,2,'UMS',to_date('20-MAR-24','DD-MON-RR'),'UMS',to_date('21-MAR-24','DD-MON-RR'));
Insert into UMS.COURSE (ID,COURSE_CATALOG_ID,CRN,TERM_ID,SEATING_CAPACITY,PROFESSOR_ID,CREATED_BY,CREATED_ON,UPDATED_BY,UPDATED_ON) values (74,5,1516,3,60,2,'UMS',to_date('20-MAR-24','DD-MON-RR'),'UMS',to_date('21-MAR-24','DD-MON-RR'));
Insert into UMS.COURSE (ID,COURSE_CATALOG_ID,CRN,TERM_ID,SEATING_CAPACITY,PROFESSOR_ID,CREATED_BY,CREATED_ON,UPDATED_BY,UPDATED_ON) values (75,7,1716,2,60,3,'UMS',to_date('20-MAR-24','DD-MON-RR'),'UMS',to_date('21-MAR-24','DD-MON-RR'));
Insert into UMS.COURSE (ID,COURSE_CATALOG_ID,CRN,TERM_ID,SEATING_CAPACITY,PROFESSOR_ID,CREATED_BY,CREATED_ON,UPDATED_BY,UPDATED_ON) values (76,8,1816,2,60,4,'UMS',to_date('20-MAR-24','DD-MON-RR'),'UMS',to_date('21-MAR-24','DD-MON-RR'));
Insert into UMS.COURSE (ID,COURSE_CATALOG_ID,CRN,TERM_ID,SEATING_CAPACITY,PROFESSOR_ID,CREATED_BY,CREATED_ON,UPDATED_BY,UPDATED_ON) values (77,10,10016,5,60,9,'UMS',to_date('20-MAR-24','DD-MON-RR'),'UMS',to_date('21-MAR-24','DD-MON-RR'));
Insert into UMS.COURSE (ID,COURSE_CATALOG_ID,CRN,TERM_ID,SEATING_CAPACITY,PROFESSOR_ID,CREATED_BY,CREATED_ON,UPDATED_BY,UPDATED_ON) values (78,11,11016,5,60,10,'UMS',to_date('20-MAR-24','DD-MON-RR'),'UMS',to_date('21-MAR-24','DD-MON-RR'));


Insert into UMS.COURSE_ASSESSMENT (ID,COURSE_ID,NAME,WEIGHTAGE,TOTAL_MARKS,COMMENTS,CREATED_BY,CREATED_ON,UPDATED_BY,UPDATED_ON) values (1,72,'MIDTERM',0.25,100,null,'UMS',to_date('20-MAR-24','DD-MON-RR'),null,null);
Insert into UMS.COURSE_ASSESSMENT (ID,COURSE_ID,NAME,WEIGHTAGE,TOTAL_MARKS,COMMENTS,CREATED_BY,CREATED_ON,UPDATED_BY,UPDATED_ON) values (2,73,'MIDTERM',0.25,100,null,'UMS',to_date('20-MAR-24','DD-MON-RR'),null,null);
Insert into UMS.COURSE_ASSESSMENT (ID,COURSE_ID,NAME,WEIGHTAGE,TOTAL_MARKS,COMMENTS,CREATED_BY,CREATED_ON,UPDATED_BY,UPDATED_ON) values (3,74,'MIDTERM',0.25,100,null,'UMS',to_date('20-MAR-24','DD-MON-RR'),null,null);
Insert into UMS.COURSE_ASSESSMENT (ID,COURSE_ID,NAME,WEIGHTAGE,TOTAL_MARKS,COMMENTS,CREATED_BY,CREATED_ON,UPDATED_BY,UPDATED_ON) values (4,75,'MIDTERM',0.25,100,null,'UMS',to_date('20-MAR-24','DD-MON-RR'),null,null);
Insert into UMS.COURSE_ASSESSMENT (ID,COURSE_ID,NAME,WEIGHTAGE,TOTAL_MARKS,COMMENTS,CREATED_BY,CREATED_ON,UPDATED_BY,UPDATED_ON) values (5,76,'MIDTERM',0.25,100,null,'UMS',to_date('20-MAR-24','DD-MON-RR'),null,null);
Insert into UMS.COURSE_ASSESSMENT (ID,COURSE_ID,NAME,WEIGHTAGE,TOTAL_MARKS,COMMENTS,CREATED_BY,CREATED_ON,UPDATED_BY,UPDATED_ON) values (6,77,'MIDTERM',0.25,100,null,'UMS',to_date('20-MAR-24','DD-MON-RR'),null,null);
Insert into UMS.COURSE_ASSESSMENT (ID,COURSE_ID,NAME,WEIGHTAGE,TOTAL_MARKS,COMMENTS,CREATED_BY,CREATED_ON,UPDATED_BY,UPDATED_ON) values (7,78,'MIDTERM',0.25,100,null,'UMS',to_date('20-MAR-24','DD-MON-RR'),null,null);
Insert into UMS.COURSE_ASSESSMENT (ID,COURSE_ID,NAME,WEIGHTAGE,TOTAL_MARKS,COMMENTS,CREATED_BY,CREATED_ON,UPDATED_BY,UPDATED_ON) values (8,72,'FINAL',0.75,100,null,'UMS',to_date('20-MAR-24','DD-MON-RR'),null,null);
Insert into UMS.COURSE_ASSESSMENT (ID,COURSE_ID,NAME,WEIGHTAGE,TOTAL_MARKS,COMMENTS,CREATED_BY,CREATED_ON,UPDATED_BY,UPDATED_ON) values (9,73,'FINAL',0.75,100,null,'UMS',to_date('20-MAR-24','DD-MON-RR'),null,null);
Insert into UMS.COURSE_ASSESSMENT (ID,COURSE_ID,NAME,WEIGHTAGE,TOTAL_MARKS,COMMENTS,CREATED_BY,CREATED_ON,UPDATED_BY,UPDATED_ON) values (10,74,'FINAL',0.75,100,null,'UMS',to_date('20-MAR-24','DD-MON-RR'),null,null);
Insert into UMS.COURSE_ASSESSMENT (ID,COURSE_ID,NAME,WEIGHTAGE,TOTAL_MARKS,COMMENTS,CREATED_BY,CREATED_ON,UPDATED_BY,UPDATED_ON) values (11,75,'FINAL',0.75,100,null,'UMS',to_date('20-MAR-24','DD-MON-RR'),null,null);
Insert into UMS.COURSE_ASSESSMENT (ID,COURSE_ID,NAME,WEIGHTAGE,TOTAL_MARKS,COMMENTS,CREATED_BY,CREATED_ON,UPDATED_BY,UPDATED_ON) values (12,76,'FINAL',0.75,100,null,'UMS',to_date('20-MAR-24','DD-MON-RR'),null,null);
Insert into UMS.COURSE_ASSESSMENT (ID,COURSE_ID,NAME,WEIGHTAGE,TOTAL_MARKS,COMMENTS,CREATED_BY,CREATED_ON,UPDATED_BY,UPDATED_ON) values (13,77,'FINAL',0.75,100,null,'UMS',to_date('20-MAR-24','DD-MON-RR'),null,null);
Insert into UMS.COURSE_ASSESSMENT (ID,COURSE_ID,NAME,WEIGHTAGE,TOTAL_MARKS,COMMENTS,CREATED_BY,CREATED_ON,UPDATED_BY,UPDATED_ON) values (14,78,'FINAL',0.75,100,null,'UMS',to_date('20-MAR-24','DD-MON-RR'),null,null);


Insert into UMS.COURSE_CATALOG (ID,COURSE_CODE,COURSE_NAME,DESCRIPTION,CREDITS,PROGRAM_CATALOG_ID,COMMENTS,IS_ENABLED,CREATED_BY,CREATED_ON,UPDATED_BY,UPDATED_ON) values (1,'CSYE3200','OBJECT ORIENTED DESIGN','Principles and practices for organizing and designing software systems using objects and classes.',4,1,'Y','Y','UMS',to_date('20-MAR-24','DD-MON-RR'),null,null);
Insert into UMS.COURSE_CATALOG (ID,COURSE_CODE,COURSE_NAME,DESCRIPTION,CREDITS,PROGRAM_CATALOG_ID,COMMENTS,IS_ENABLED,CREATED_BY,CREATED_ON,UPDATED_BY,UPDATED_ON) values (2,'CSYE3205','DATABASE MANAGEMENT','Techniques and tools for efficiently storing, retrieving, and managing data in databases.',4,1,'Y','Y','UMS',to_date('20-MAR-24','DD-MON-RR'),null,null);
Insert into UMS.COURSE_CATALOG (ID,COURSE_CODE,COURSE_NAME,DESCRIPTION,CREDITS,PROGRAM_CATALOG_ID,COMMENTS,IS_ENABLED,CREATED_BY,CREATED_ON,UPDATED_BY,UPDATED_ON) values (4,'MECH6100','HEAT TRANSFER','Understanding the principles and mechanisms of heat transfer in various materials and systems.',4,2,'Y','Y','UMS',to_date('20-MAR-24','DD-MON-RR'),null,null);
Insert into UMS.COURSE_CATALOG (ID,COURSE_CODE,COURSE_NAME,DESCRIPTION,CREDITS,PROGRAM_CATALOG_ID,COMMENTS,IS_ENABLED,CREATED_BY,CREATED_ON,UPDATED_BY,UPDATED_ON) values (6,'MECH6205','THERMODYNAMICS','Study of the relationship between heat, energy, and work in physical systems.',4,2,'Y','Y','UMS',to_date('20-MAR-24','DD-MON-RR'),null,null);
Insert into UMS.COURSE_CATALOG (ID,COURSE_CODE,COURSE_NAME,DESCRIPTION,CREDITS,PROGRAM_CATALOG_ID,COMMENTS,IS_ENABLED,CREATED_BY,CREATED_ON,UPDATED_BY,UPDATED_ON) values (7,'BUSM6100','FINANCIAL MANAGMENT','Strategies and techniques for managing finances effectively within organizations.',3,3,'Y','Y','UMS',to_date('20-MAR-24','DD-MON-RR'),null,null);
Insert into UMS.COURSE_CATALOG (ID,COURSE_CODE,COURSE_NAME,DESCRIPTION,CREDITS,PROGRAM_CATALOG_ID,COMMENTS,IS_ENABLED,CREATED_BY,CREATED_ON,UPDATED_BY,UPDATED_ON) values (8,'BUSM7100','PORTFOLIO MANAGEMENT','Methods for constructing and managing investment portfolios to achieve financial goals.',3,3,'Y','Y','UMS',to_date('20-MAR-24','DD-MON-RR'),null,null);
Insert into UMS.COURSE_CATALOG (ID,COURSE_CODE,COURSE_NAME,DESCRIPTION,CREDITS,PROGRAM_CATALOG_ID,COMMENTS,IS_ENABLED,CREATED_BY,CREATED_ON,UPDATED_BY,UPDATED_ON) values (9,'BUSM8200','CAPITAL BUDGETING','Evaluating and selecting long-term investment projects based on their potential returns and risks.',3,3,'Y','Y','UMS',to_date('20-MAR-24','DD-MON-RR'),null,null);
Insert into UMS.COURSE_CATALOG (ID,COURSE_CODE,COURSE_NAME,DESCRIPTION,CREDITS,PROGRAM_CATALOG_ID,COMMENTS,IS_ENABLED,CREATED_BY,CREATED_ON,UPDATED_BY,UPDATED_ON) values (12,'PSCY6300','LIFESPAN EMOTIONAL DEVELOPMENT','Understanding the development and regulation of emotions from infancy through adulthood.',4,4,'Y','Y','UMS',to_date('20-MAR-24','DD-MON-RR'),null,null);
Insert into UMS.COURSE_CATALOG (ID,COURSE_CODE,COURSE_NAME,DESCRIPTION,CREDITS,PROGRAM_CATALOG_ID,COMMENTS,IS_ENABLED,CREATED_BY,CREATED_ON,UPDATED_BY,UPDATED_ON) values (14,'CSYE6205','DATABASE DESIGN AND MANAGEMENT','Advanced concepts and methodologies for designing, implementing, and managing databases effectively.',4,1,'Y','Y','UMS',to_date('20-MAR-24','DD-MON-RR'),null,null);
Insert into UMS.COURSE_CATALOG (ID,COURSE_CODE,COURSE_NAME,DESCRIPTION,CREDITS,PROGRAM_CATALOG_ID,COMMENTS,IS_ENABLED,CREATED_BY,CREATED_ON,UPDATED_BY,UPDATED_ON) values (3,'INFO2105','UI/UX DESIGN','Creating user interfaces and experiences ',4,1,'Y','Y','UMS',to_date('20-MAR-24','DD-MON-RR'),null,null);
Insert into UMS.COURSE_CATALOG (ID,COURSE_CODE,COURSE_NAME,DESCRIPTION,CREDITS,PROGRAM_CATALOG_ID,COMMENTS,IS_ENABLED,CREATED_BY,CREATED_ON,UPDATED_BY,UPDATED_ON) values (5,'MECH5200','INTRO TO MECHANICAL ENGINEERING','Basic concepts and principles of mechanical engineering, including mechanics, materials',4,2,'Y','Y','UMS',to_date('20-MAR-24','DD-MON-RR'),null,null);
Insert into UMS.COURSE_CATALOG (ID,COURSE_CODE,COURSE_NAME,DESCRIPTION,CREDITS,PROGRAM_CATALOG_ID,COMMENTS,IS_ENABLED,CREATED_BY,CREATED_ON,UPDATED_BY,UPDATED_ON) values (10,'PSCY6200','DEVELOPMENTAL PSYCHOLOGY','Study of human growth and development across the lifespan, including cognitive, social',4,4,'Y','Y','UMS',to_date('20-MAR-24','DD-MON-RR'),null,null);
Insert into UMS.COURSE_CATALOG (ID,COURSE_CODE,COURSE_NAME,DESCRIPTION,CREDITS,PROGRAM_CATALOG_ID,COMMENTS,IS_ENABLED,CREATED_BY,CREATED_ON,UPDATED_BY,UPDATED_ON) values (11,'PSCY6201','CLINICAL PSYCHOLOGY','Diagnosis, treatment, and prevention of mental health disorders through psychological',4,4,'Y','Y','UMS',to_date('20-MAR-24','DD-MON-RR'),null,null);
Insert into UMS.COURSE_CATALOG (ID,COURSE_CODE,COURSE_NAME,DESCRIPTION,CREDITS,PROGRAM_CATALOG_ID,COMMENTS,IS_ENABLED,CREATED_BY,CREATED_ON,UPDATED_BY,UPDATED_ON) values (13,'CSYE6200','ADVANCED OBJECT ORIENTED DESIGN','Advanced techniques and patterns for designing complex software systems',4,1,'Y','Y','UMS',to_date('20-MAR-24','DD-MON-RR'),null,null);


Insert into UMS.COURSE_SCHEDULE (ID,COURSE_ID,DAY,START_TIME,END_TIME,LOCATION_ID,CREATED_BY,CREATED_ON,UPDATED_BY,UPDATED_ON) values (1,71,'Monday',to_timestamp('01-MAR-24 09.00.00.000000000 AM','DD-MON-RR HH.MI.SSXFF AM'),to_timestamp('01-MAR-24 12.00.00.000000000 PM','DD-MON-RR HH.MI.SSXFF AM'),1,'UMS',to_date('21-MAR-24','DD-MON-RR'),null,null);
Insert into UMS.COURSE_SCHEDULE (ID,COURSE_ID,DAY,START_TIME,END_TIME,LOCATION_ID,CREATED_BY,CREATED_ON,UPDATED_BY,UPDATED_ON) values (2,72,'Tuesday',to_timestamp('01-MAR-24 10.00.00.000000000 AM','DD-MON-RR HH.MI.SSXFF AM'),to_timestamp('01-MAR-24 01.00.00.000000000 PM','DD-MON-RR HH.MI.SSXFF AM'),4,'UMS',to_date('21-MAR-24','DD-MON-RR'),null,null);
Insert into UMS.COURSE_SCHEDULE (ID,COURSE_ID,DAY,START_TIME,END_TIME,LOCATION_ID,CREATED_BY,CREATED_ON,UPDATED_BY,UPDATED_ON) values (3,73,'Wednesday',to_timestamp('01-MAR-24 11.00.00.000000000 AM','DD-MON-RR HH.MI.SSXFF AM'),to_timestamp('01-MAR-24 02.00.00.000000000 PM','DD-MON-RR HH.MI.SSXFF AM'),7,'UMS',to_date('21-MAR-24','DD-MON-RR'),null,null);
Insert into UMS.COURSE_SCHEDULE (ID,COURSE_ID,DAY,START_TIME,END_TIME,LOCATION_ID,CREATED_BY,CREATED_ON,UPDATED_BY,UPDATED_ON) values (4,74,'Thursday',to_timestamp('01-MAR-24 12.00.00.000000000 PM','DD-MON-RR HH.MI.SSXFF AM'),to_timestamp('01-MAR-24 03.00.00.000000000 PM','DD-MON-RR HH.MI.SSXFF AM'),10,'UMS',to_date('21-MAR-24','DD-MON-RR'),null,null);
Insert into UMS.COURSE_SCHEDULE (ID,COURSE_ID,DAY,START_TIME,END_TIME,LOCATION_ID,CREATED_BY,CREATED_ON,UPDATED_BY,UPDATED_ON) values (5,75,'Friday',to_timestamp('01-MAR-24 01.00.00.000000000 PM','DD-MON-RR HH.MI.SSXFF AM'),to_timestamp('01-MAR-24 04.00.00.000000000 PM','DD-MON-RR HH.MI.SSXFF AM'),1,'UMS',to_date('21-MAR-24','DD-MON-RR'),null,null);
Insert into UMS.COURSE_SCHEDULE (ID,COURSE_ID,DAY,START_TIME,END_TIME,LOCATION_ID,CREATED_BY,CREATED_ON,UPDATED_BY,UPDATED_ON) values (6,76,'Monday',to_timestamp('01-MAR-24 02.00.00.000000000 PM','DD-MON-RR HH.MI.SSXFF AM'),to_timestamp('01-MAR-24 05.00.00.000000000 PM','DD-MON-RR HH.MI.SSXFF AM'),4,'UMS',to_date('21-MAR-24','DD-MON-RR'),null,null);
Insert into UMS.COURSE_SCHEDULE (ID,COURSE_ID,DAY,START_TIME,END_TIME,LOCATION_ID,CREATED_BY,CREATED_ON,UPDATED_BY,UPDATED_ON) values (7,77,'Tuesday',to_timestamp('01-MAR-24 03.00.00.000000000 PM','DD-MON-RR HH.MI.SSXFF AM'),to_timestamp('01-MAR-24 06.00.00.000000000 PM','DD-MON-RR HH.MI.SSXFF AM'),7,'UMS',to_date('21-MAR-24','DD-MON-RR'),null,null);
Insert into UMS.COURSE_SCHEDULE (ID,COURSE_ID,DAY,START_TIME,END_TIME,LOCATION_ID,CREATED_BY,CREATED_ON,UPDATED_BY,UPDATED_ON) values (8,78,'Wednesday',to_timestamp('01-MAR-24 04.00.00.000000000 PM','DD-MON-RR HH.MI.SSXFF AM'),to_timestamp('01-MAR-24 07.00.00.000000000 PM','DD-MON-RR HH.MI.SSXFF AM'),10,'UMS',to_date('21-MAR-24','DD-MON-RR'),null,null);


Insert into UMS.COURSE_TEACHING_ASSISTANT (ID,COURSE_ID,STUDENT_ID,START_DATE,END_DATE,EMPLOYMENT_TYPE_ID,EMPLOYMENT_DESIGNATION_ID,EMPLOYMENT_STATUS_ID,COMMENTS,CREATED_BY,CREATED_ON,UPDATED_BY,UPDATED_ON) values (1,70,1,to_date('01-SEP-24','DD-MON-RR'),to_date('31-DEC-24','DD-MON-RR'),2,5,1,null,'UMS',to_date('21-MAR-24','DD-MON-RR'),null,null);
Insert into UMS.COURSE_TEACHING_ASSISTANT (ID,COURSE_ID,STUDENT_ID,START_DATE,END_DATE,EMPLOYMENT_TYPE_ID,EMPLOYMENT_DESIGNATION_ID,EMPLOYMENT_STATUS_ID,COMMENTS,CREATED_BY,CREATED_ON,UPDATED_BY,UPDATED_ON) values (2,71,1,to_date('01-SEP-24','DD-MON-RR'),to_date('31-DEC-24','DD-MON-RR'),2,5,1,null,'UMS',to_date('21-MAR-24','DD-MON-RR'),null,null);
Insert into UMS.COURSE_TEACHING_ASSISTANT (ID,COURSE_ID,STUDENT_ID,START_DATE,END_DATE,EMPLOYMENT_TYPE_ID,EMPLOYMENT_DESIGNATION_ID,EMPLOYMENT_STATUS_ID,COMMENTS,CREATED_BY,CREATED_ON,UPDATED_BY,UPDATED_ON) values (3,72,1,to_date('01-SEP-24','DD-MON-RR'),to_date('31-DEC-24','DD-MON-RR'),2,5,1,null,'UMS',to_date('21-MAR-24','DD-MON-RR'),null,null);
Insert into UMS.COURSE_TEACHING_ASSISTANT (ID,COURSE_ID,STUDENT_ID,START_DATE,END_DATE,EMPLOYMENT_TYPE_ID,EMPLOYMENT_DESIGNATION_ID,EMPLOYMENT_STATUS_ID,COMMENTS,CREATED_BY,CREATED_ON,UPDATED_BY,UPDATED_ON) values (4,73,3,to_date('01-JAN-23','DD-MON-RR'),to_date('30-APR-23','DD-MON-RR'),2,5,1,null,'UMS',to_date('21-MAR-24','DD-MON-RR'),null,null);
Insert into UMS.COURSE_TEACHING_ASSISTANT (ID,COURSE_ID,STUDENT_ID,START_DATE,END_DATE,EMPLOYMENT_TYPE_ID,EMPLOYMENT_DESIGNATION_ID,EMPLOYMENT_STATUS_ID,COMMENTS,CREATED_BY,CREATED_ON,UPDATED_BY,UPDATED_ON) values (5,74,3,to_date('01-SEP-23','DD-MON-RR'),to_date('31-DEC-23','DD-MON-RR'),2,5,1,null,'UMS',to_date('21-MAR-24','DD-MON-RR'),null,null);


Insert into UMS.EMPLOYMENT_DESIGNATION (ID,NAME,EMPLOYMENT_GRADE_ID,DESCRIPTION,COMMENTS,IS_ENABLED,CREATED_BY,CREATED_ON,UPDATED_BY,UPDATED_ON) values (1,'Assistant Professor',2,'Teaches courses and conducts research',null,'Y','UMS',to_date('20-MAR-24','DD-MON-RR'),null,null);
Insert into UMS.EMPLOYMENT_DESIGNATION (ID,NAME,EMPLOYMENT_GRADE_ID,DESCRIPTION,COMMENTS,IS_ENABLED,CREATED_BY,CREATED_ON,UPDATED_BY,UPDATED_ON) values (2,'Professor',1,'Assists senior professors and conducts research',null,'Y','UMS',to_date('20-MAR-24','DD-MON-RR'),null,null);
Insert into UMS.EMPLOYMENT_DESIGNATION (ID,NAME,EMPLOYMENT_GRADE_ID,DESCRIPTION,COMMENTS,IS_ENABLED,CREATED_BY,CREATED_ON,UPDATED_BY,UPDATED_ON) values (3,'Associate Professor',2,'Senior academic rank below a full professor',null,'Y','UMS',to_date('20-MAR-24','DD-MON-RR'),null,null);
Insert into UMS.EMPLOYMENT_DESIGNATION (ID,NAME,EMPLOYMENT_GRADE_ID,DESCRIPTION,COMMENTS,IS_ENABLED,CREATED_BY,CREATED_ON,UPDATED_BY,UPDATED_ON) values (4,'Research Assistant',3,'Teaches courses without conducting research',null,'Y','UMS',to_date('20-MAR-24','DD-MON-RR'),null,null);
Insert into UMS.EMPLOYMENT_DESIGNATION (ID,NAME,EMPLOYMENT_GRADE_ID,DESCRIPTION,COMMENTS,IS_ENABLED,CREATED_BY,CREATED_ON,UPDATED_BY,UPDATED_ON) values (5,'Teaching Assistant',4,'Conducts scientific research within the university',null,'Y','UMS',to_date('20-MAR-24','DD-MON-RR'),null,null);
Insert into UMS.EMPLOYMENT_DESIGNATION (ID,NAME,EMPLOYMENT_GRADE_ID,DESCRIPTION,COMMENTS,IS_ENABLED,CREATED_BY,CREATED_ON,UPDATED_BY,UPDATED_ON) values (6,'Administrator',1,'Responsible for managing the software unit of ums',null,'Y','UMS',to_date('21-MAR-24','DD-MON-RR'),null,null);


Insert into UMS.EMPLOYMENT_GRADE (ID,NAME,DESCRIPTION,COMMENTS,IS_ENABLED,CREATED_BY,CREATED_ON,UPDATED_BY,UPDATED_ON) values (1,'A','Senior Staff','Senior management level','Y','UMS',to_date('19-MAR-24','DD-MON-RR'),null,null);
Insert into UMS.EMPLOYMENT_GRADE (ID,NAME,DESCRIPTION,COMMENTS,IS_ENABLED,CREATED_BY,CREATED_ON,UPDATED_BY,UPDATED_ON) values (2,'B','Staff','Regular staff level','Y','UMS',to_date('19-MAR-24','DD-MON-RR'),null,null);
Insert into UMS.EMPLOYMENT_GRADE (ID,NAME,DESCRIPTION,COMMENTS,IS_ENABLED,CREATED_BY,CREATED_ON,UPDATED_BY,UPDATED_ON) values (3,'C','Junior Staff','Entry-level staff','Y','UMS',to_date('19-MAR-24','DD-MON-RR'),null,null);
Insert into UMS.EMPLOYMENT_GRADE (ID,NAME,DESCRIPTION,COMMENTS,IS_ENABLED,CREATED_BY,CREATED_ON,UPDATED_BY,UPDATED_ON) values (4,'D','Entry-Level Associate','Entry-level associate','Y','UMS',to_date('19-MAR-24','DD-MON-RR'),null,null);
Insert into UMS.EMPLOYMENT_GRADE (ID,NAME,DESCRIPTION,COMMENTS,IS_ENABLED,CREATED_BY,CREATED_ON,UPDATED_BY,UPDATED_ON) values (5,'E','Intern','Internship position','Y','UMS',to_date('19-MAR-24','DD-MON-RR'),null,null);


Insert into UMS.EMPLOYMENT_STATUS (ID,NAME,IS_ENABLED,COMMENTS,CREATED_BY,CREATED_ON,UPDATED_BY,UPDATED_ON) values (1,'Pending','Y','Employee status is pending','UMS',to_date('19-MAR-24','DD-MON-RR'),null,null);
Insert into UMS.EMPLOYMENT_STATUS (ID,NAME,IS_ENABLED,COMMENTS,CREATED_BY,CREATED_ON,UPDATED_BY,UPDATED_ON) values (2,'Current','Y','Employee is currently employed','UMS',to_date('19-MAR-24','DD-MON-RR'),null,null);
Insert into UMS.EMPLOYMENT_STATUS (ID,NAME,IS_ENABLED,COMMENTS,CREATED_BY,CREATED_ON,UPDATED_BY,UPDATED_ON) values (3,'Former','Y','Employee is a former employee','UMS',to_date('19-MAR-24','DD-MON-RR'),null,null);


Insert into UMS.EMPLOYMENT_TYPE (ID,NAME,IS_ENABLED,COMMENTS,CREATED_BY,CREATED_ON,UPDATED_BY,UPDATED_ON) values (1,'Full-Time','Y','Full-time employment','UMS',to_date('19-MAR-24','DD-MON-RR'),null,null);
Insert into UMS.EMPLOYMENT_TYPE (ID,NAME,IS_ENABLED,COMMENTS,CREATED_BY,CREATED_ON,UPDATED_BY,UPDATED_ON) values (2,'Part-Time','Y','Part-time employment','UMS',to_date('19-MAR-24','DD-MON-RR'),null,null);
Insert into UMS.EMPLOYMENT_TYPE (ID,NAME,IS_ENABLED,COMMENTS,CREATED_BY,CREATED_ON,UPDATED_BY,UPDATED_ON) values (3,'Contract','Y','Contract-based employment','UMS',to_date('19-MAR-24','DD-MON-RR'),null,null);
Insert into UMS.EMPLOYMENT_TYPE (ID,NAME,IS_ENABLED,COMMENTS,CREATED_BY,CREATED_ON,UPDATED_BY,UPDATED_ON) values (4,'Ex-Employee','Y','Former employee','UMS',to_date('19-MAR-24','DD-MON-RR'),null,null);


Insert into UMS.FLOOR (ID,NAME,CREATED_BY,CREATED_ON,UPDATED_BY,UPDATED_ON) values (1,'Basement','UMS',to_date('19-MAR-24','DD-MON-RR'),null,null);
Insert into UMS.FLOOR (ID,NAME,CREATED_BY,CREATED_ON,UPDATED_BY,UPDATED_ON) values (2,'First','UMS',to_date('19-MAR-24','DD-MON-RR'),null,null);
Insert into UMS.FLOOR (ID,NAME,CREATED_BY,CREATED_ON,UPDATED_BY,UPDATED_ON) values (3,'Second','UMS',to_date('19-MAR-24','DD-MON-RR'),null,null);
Insert into UMS.FLOOR (ID,NAME,CREATED_BY,CREATED_ON,UPDATED_BY,UPDATED_ON) values (4,'Third','UMS',to_date('19-MAR-24','DD-MON-RR'),null,null);
Insert into UMS.FLOOR (ID,NAME,CREATED_BY,CREATED_ON,UPDATED_BY,UPDATED_ON) values (5,'Fourth','UMS',to_date('19-MAR-24','DD-MON-RR'),null,null);
Insert into UMS.FLOOR (ID,NAME,CREATED_BY,CREATED_ON,UPDATED_BY,UPDATED_ON) values (6,'Fifth','UMS',to_date('19-MAR-24','DD-MON-RR'),null,null);
Insert into UMS.FLOOR (ID,NAME,CREATED_BY,CREATED_ON,UPDATED_BY,UPDATED_ON) values (7,'Sixth','UMS',to_date('19-MAR-24','DD-MON-RR'),null,null);
Insert into UMS.FLOOR (ID,NAME,CREATED_BY,CREATED_ON,UPDATED_BY,UPDATED_ON) values (8,'Seventh','UMS',to_date('19-MAR-24','DD-MON-RR'),null,null);
Insert into UMS.FLOOR (ID,NAME,CREATED_BY,CREATED_ON,UPDATED_BY,UPDATED_ON) values (9,'Eighth','UMS',to_date('19-MAR-24','DD-MON-RR'),null,null);
Insert into UMS.FLOOR (ID,NAME,CREATED_BY,CREATED_ON,UPDATED_BY,UPDATED_ON) values (10,'Ninth','UMS',to_date('19-MAR-24','DD-MON-RR'),null,null);
Insert into UMS.FLOOR (ID,NAME,CREATED_BY,CREATED_ON,UPDATED_BY,UPDATED_ON) values (11,'Tenth','UMS',to_date('19-MAR-24','DD-MON-RR'),null,null);


Insert into UMS.GRADE (ID,NAME,COMMENTS,IS_ENABLED,CREATED_BY,CREATED_ON,UPDATED_BY,UPDATED_ON) values (1,'A','>= 95%','Y','UMS',to_date('19-MAR-24','DD-MON-RR'),null,null);
Insert into UMS.GRADE (ID,NAME,COMMENTS,IS_ENABLED,CREATED_BY,CREATED_ON,UPDATED_BY,UPDATED_ON) values (2,'A-','>=90% and <95%','Y','UMS',to_date('19-MAR-24','DD-MON-RR'),null,null);
Insert into UMS.GRADE (ID,NAME,COMMENTS,IS_ENABLED,CREATED_BY,CREATED_ON,UPDATED_BY,UPDATED_ON) values (3,'B+','>=87% and <90%','Y','UMS',to_date('19-MAR-24','DD-MON-RR'),null,null);
Insert into UMS.GRADE (ID,NAME,COMMENTS,IS_ENABLED,CREATED_BY,CREATED_ON,UPDATED_BY,UPDATED_ON) values (4,'B','>=83% and <87%','Y','UMS',to_date('19-MAR-24','DD-MON-RR'),null,null);
Insert into UMS.GRADE (ID,NAME,COMMENTS,IS_ENABLED,CREATED_BY,CREATED_ON,UPDATED_BY,UPDATED_ON) values (5,'B-','>=80% and <83%','Y','UMS',to_date('19-MAR-24','DD-MON-RR'),null,null);
Insert into UMS.GRADE (ID,NAME,COMMENTS,IS_ENABLED,CREATED_BY,CREATED_ON,UPDATED_BY,UPDATED_ON) values (6,'C+','>=77% and <80%','Y','UMS',to_date('19-MAR-24','DD-MON-RR'),null,null);
Insert into UMS.GRADE (ID,NAME,COMMENTS,IS_ENABLED,CREATED_BY,CREATED_ON,UPDATED_BY,UPDATED_ON) values (7,'C','>=73% and <77%','Y','UMS',to_date('19-MAR-24','DD-MON-RR'),null,null);
Insert into UMS.GRADE (ID,NAME,COMMENTS,IS_ENABLED,CREATED_BY,CREATED_ON,UPDATED_BY,UPDATED_ON) values (8,'C-','>=70% and <73%','Y','UMS',to_date('19-MAR-24','DD-MON-RR'),null,null);
Insert into UMS.GRADE (ID,NAME,COMMENTS,IS_ENABLED,CREATED_BY,CREATED_ON,UPDATED_BY,UPDATED_ON) values (9,'F','<70%','Y','UMS',to_date('19-MAR-24','DD-MON-RR'),null,null);


Insert into UMS.LOCATION (ID,BUILDING_ID,FLOOR_ID,ROOM_NO,LOCATION_TYPE_ID,SEATING_CAPACITY,CREATED_BY,CREATED_ON,UPDATED_BY,UPDATED_ON) values (1,2,3,325,3,25,'UMS',to_date('20-MAR-24','DD-MON-RR'),null,null);
Insert into UMS.LOCATION (ID,BUILDING_ID,FLOOR_ID,ROOM_NO,LOCATION_TYPE_ID,SEATING_CAPACITY,CREATED_BY,CREATED_ON,UPDATED_BY,UPDATED_ON) values (2,3,4,410,4,90,'UMS',to_date('20-MAR-24','DD-MON-RR'),null,null);
Insert into UMS.LOCATION (ID,BUILDING_ID,FLOOR_ID,ROOM_NO,LOCATION_TYPE_ID,SEATING_CAPACITY,CREATED_BY,CREATED_ON,UPDATED_BY,UPDATED_ON) values (3,4,5,520,1,60,'UMS',to_date('20-MAR-24','DD-MON-RR'),null,null);
Insert into UMS.LOCATION (ID,BUILDING_ID,FLOOR_ID,ROOM_NO,LOCATION_TYPE_ID,SEATING_CAPACITY,CREATED_BY,CREATED_ON,UPDATED_BY,UPDATED_ON) values (4,1,5,510,2,45,'UMS',to_date('20-MAR-24','DD-MON-RR'),null,null);
Insert into UMS.LOCATION (ID,BUILDING_ID,FLOOR_ID,ROOM_NO,LOCATION_TYPE_ID,SEATING_CAPACITY,CREATED_BY,CREATED_ON,UPDATED_BY,UPDATED_ON) values (5,5,3,315,1,60,'UMS',to_date('20-MAR-24','DD-MON-RR'),null,null);
Insert into UMS.LOCATION (ID,BUILDING_ID,FLOOR_ID,ROOM_NO,LOCATION_TYPE_ID,SEATING_CAPACITY,CREATED_BY,CREATED_ON,UPDATED_BY,UPDATED_ON) values (6,3,1,110,1,60,'UMS',to_date('20-MAR-24','DD-MON-RR'),null,null);
Insert into UMS.LOCATION (ID,BUILDING_ID,FLOOR_ID,ROOM_NO,LOCATION_TYPE_ID,SEATING_CAPACITY,CREATED_BY,CREATED_ON,UPDATED_BY,UPDATED_ON) values (7,2,7,715,4,90,'UMS',to_date('20-MAR-24','DD-MON-RR'),null,null);
Insert into UMS.LOCATION (ID,BUILDING_ID,FLOOR_ID,ROOM_NO,LOCATION_TYPE_ID,SEATING_CAPACITY,CREATED_BY,CREATED_ON,UPDATED_BY,UPDATED_ON) values (8,3,9,905,5,20,'UMS',to_date('20-MAR-24','DD-MON-RR'),null,null);
Insert into UMS.LOCATION (ID,BUILDING_ID,FLOOR_ID,ROOM_NO,LOCATION_TYPE_ID,SEATING_CAPACITY,CREATED_BY,CREATED_ON,UPDATED_BY,UPDATED_ON) values (9,4,10,1005,3,25,'UMS',to_date('20-MAR-24','DD-MON-RR'),null,null);
Insert into UMS.LOCATION (ID,BUILDING_ID,FLOOR_ID,ROOM_NO,LOCATION_TYPE_ID,SEATING_CAPACITY,CREATED_BY,CREATED_ON,UPDATED_BY,UPDATED_ON) values (10,1,2,205,2,45,'UMS',to_date('20-MAR-24','DD-MON-RR'),null,null);

